quarantine_key,order_id,source_batch,reason_code,raw_payload,loaded_at
1,O000083,orders_batch_1,customer_id_not_found,order_id=O000083; order_datetime=2026-02-05 11:37:00; customer_id=None; product_id=P039; quantity=4; unit_price=688.83; discount_pct=5; payment_method=Cash; sales_channel=Online; updated_at=2026-02-06 23:59:00,2026-08-18T16:27:42.760904
2,O000089,orders_batch_1,quantity_out_of_range,order_id=O000089; order_datetime=2026-03-04 08:25:00; customer_id=C0030; product_id=P035; quantity=-2; unit_price=997.99; discount_pct=10; payment_method=Credit Card; sales_channel=Online; updated_at=2026-03-05 23:59:00,2026-08-18T16:27:42.760904
3,O000097,orders_batch_1,invalid_order_datetime,order_id=O000097; order_datetime=31/02/2026 10:00; customer_id=C0110; product_id=P040; quantity=5; unit_price=1472.44; discount_pct=0; payment_method=Bank Transfer; sales_channel=Online; updated_at=2026-03-03 23:59:00,2026-08-18T16:27:42.760904
4,O000101,orders_batch_1,discount_pct_out_of_range,order_id=O000101; order_datetime=2026-02-28 22:40:00; customer_id=C0151; product_id=P029; quantity=3; unit_price=450.41; discount_pct=120; payment_method=Credit Card; sales_channel=Store; updated_at=2026-03-01 23:59:00,2026-08-18T16:27:42.760904
5,O000107,orders_batch_1,product_id_not_found,order_id=O000107; order_datetime=2026-03-03 15:13:00; customer_id=C0130; product_id=P999; quantity=1; unit_price=766; discount_pct=15; payment_method=PromptPay; sales_channel=Store; updated_at=2026-03-04 23:59:00,2026-08-18T16:27:42.760904
6,O000113,orders_batch_1,invalid_quantity_type,order_id=O000113; order_datetime=2026-01-03 03:35:00; customer_id=C0039; product_id=P011; quantity=three; unit_price=616.6; discount_pct=0; payment_method=PromptPay; sales_channel=Marketplace; updated_at=2026-01-04 23:59:00,2026-08-18T16:27:42.760904
7,O000131,orders_batch_1,invalid_order_datetime,order_id=O000131; order_datetime=not-a-date; customer_id=C0152; product_id=P037; quantity=1; unit_price=185.91; discount_pct=5; payment_method=Bank Transfer; sales_channel=Marketplace; updated_at=2026-02-17 23:59:00,2026-08-18T16:27:42.760904
8,O000139,orders_batch_1,invalid_unit_price_type,order_id=O000139; order_datetime=2026-02-03 21:12:00; customer_id=C0072; product_id=P039; quantity=4; unit_price=None; discount_pct=5; payment_method=Cash; sales_channel=Online; updated_at=2026-02-04 23:59:00,2026-08-18T16:27:42.760904
9,O000149,orders_batch_1,customer_id_not_found,order_id=O000149; order_datetime=2026-01-08 12:33:00; customer_id=C9999; product_id=P039; quantity=4; unit_price=688.83; discount_pct=10; payment_method=PromptPay; sales_channel=Marketplace; updated_at=2026-01-09 23:59:00,2026-08-18T16:27:42.760904
10,O000166,orders_batch_1,customer_id_not_found,order_id=O000166; order_datetime=2026-01-18 04:01:00; customer_id=None; product_id=P027; quantity=4; unit_price=817.79; discount_pct=10; payment_method=PromptPay; sales_channel=Online; updated_at=2026-01-19 23:59:00,2026-08-18T16:27:42.760904
11,O000178,orders_batch_1,quantity_out_of_range,order_id=O000178; order_datetime=2026-02-16 01:47:00; customer_id=C0061; product_id=P026; quantity=-2; unit_price=1185.43; discount_pct=0; payment_method=PromptPay; sales_channel=Marketplace; updated_at=2026-02-17 23:59:00,2026-08-18T16:27:42.760904
12,O000194,orders_batch_1,invalid_order_datetime,order_id=O000194; order_datetime=31/02/2026 10:00; customer_id=C0075; product_id=P003; quantity=3; unit_price=344.85; discount_pct=10; payment_method=Cash; sales_channel=Online; updated_at=2026-03-20 23:59:00,2026-08-18T16:27:42.760904
13,O000202,orders_batch_1,discount_pct_out_of_range,order_id=O000202; order_datetime=2026-01-15 10:38:00; customer_id=C0161; product_id=P031; quantity=3; unit_price=599.9; discount_pct=120; payment_method=Credit Card; sales_channel=Online; updated_at=2026-01-16 23:59:00,2026-08-18T16:27:42.760904
14,O000214,orders_batch_1,product_id_not_found,order_id=O000214; order_datetime=2026-01-04 07:12:00; customer_id=C0043; product_id=P999; quantity=6; unit_price=1451.77; discount_pct=0; payment_method=PromptPay; sales_channel=Store; updated_at=2026-01-05 23:59:00,2026-08-18T16:27:42.760904
15,O000226,orders_batch_1,invalid_quantity_type,order_id=O000226; order_datetime=2026-03-21 10:12:00; customer_id=C0153; product_id=P017; quantity=three; unit_price=1281.37; discount_pct=0; payment_method=Bank Transfer; sales_channel=Online; updated_at=2026-03-22 23:59:00,2026-08-18T16:27:42.760904
16,O000249,orders_batch_1,customer_id_not_found,order_id=O000249; order_datetime=2026-02-07 21:50:00; customer_id=None; product_id=P025; quantity=5; unit_price=833.67; discount_pct=15; payment_method=Credit Card; sales_channel=Online; updated_at=2026-02-08 23:59:00,2026-08-18T16:27:42.760904
17,O000262,orders_batch_1,invalid_order_datetime,order_id=O000262; order_datetime=not-a-date; customer_id=C0097; product_id=P044; quantity=5; unit_price=766; discount_pct=0; payment_method=Credit Card; sales_channel=Store; updated_at=2026-02-03 23:59:00,2026-08-18T16:27:42.760904
18,O000267,orders_batch_1,quantity_out_of_range,order_id=O000267; order_datetime=2026-01-02 16:42:00; customer_id=C0095; product_id=P042; quantity=-2; unit_price=733.19; discount_pct=0; payment_method=PromptPay; sales_channel=Marketplace; updated_at=2026-01-03 23:59:00,2026-08-18T16:27:42.760904
19,O000278,orders_batch_1,invalid_unit_price_type,order_id=O000278; order_datetime=2026-02-01 02:14:00; customer_id=C0022; product_id=P035; quantity=4; unit_price=None; discount_pct=0; payment_method=PromptPay; sales_channel=Marketplace; updated_at=2026-02-02 23:59:00,2026-08-18T16:27:42.760904
20,O000291,orders_batch_1,invalid_order_datetime,order_id=O000291; order_datetime=31/02/2026 10:00; customer_id=C0165; product_id=P041; quantity=2; unit_price=1291.92; discount_pct=0; payment_method=Cash; sales_channel=Online; updated_at=2026-01-06 23:59:00,2026-08-18T16:27:42.760904
21,O000298,orders_batch_1,customer_id_not_found,order_id=O000298; order_datetime=2026-01-14 00:46:00; customer_id=C9999; product_id=P037; quantity=2; unit_price=185.91; discount_pct=10; payment_method=Bank Transfer; sales_channel=Store; updated_at=2026-01-15 23:59:00,2026-08-18T16:27:42.760904
22,O000303,orders_batch_1,discount_pct_out_of_range,order_id=O000303; order_datetime=2026-03-02 22:11:00; customer_id=C0137; product_id=P007; quantity=4; unit_price=619.54; discount_pct=120; payment_method=PromptPay; sales_channel=Online; updated_at=2026-03-03 23:59:00,2026-08-18T16:27:42.760904
23,O000321,orders_batch_1,product_id_not_found,order_id=O000321; order_datetime=2026-01-12 07:42:00; customer_id=C0073; product_id=P999; quantity=5; unit_price=624.66; discount_pct=10; payment_method=Bank Transfer; sales_channel=Online; updated_at=2026-01-13 23:59:00,2026-08-18T16:27:42.760904
24,O000332,orders_batch_1,customer_id_not_found,order_id=O000332; order_datetime=2026-02-18 19:38:00; customer_id=None; product_id=P017; quantity=4; unit_price=1281.37; discount_pct=0; payment_method=Bank Transfer; sales_channel=Marketplace; updated_at=2026-02-19 23:59:00,2026-08-18T16:27:42.760904
25,O000339,orders_batch_1,invalid_quantity_type,order_id=O000339; order_datetime=2026-03-15 12:23:00; customer_id=C0146; product_id=P014; quantity=three; unit_price=358.74; discount_pct=0; payment_method=Credit Card; sales_channel=Online; updated_at=2026-03-16 23:59:00,2026-08-18T16:27:42.760904
26,O000356,orders_batch_1,quantity_out_of_range,order_id=O000356; order_datetime=2026-01-19 11:29:00; customer_id=C0146; product_id=P042; quantity=-2; unit_price=733.19; discount_pct=0; payment_method=Bank Transfer; sales_channel=Store; updated_at=2026-01-20 23:59:00,2026-08-18T16:27:42.760904
27,O000388,orders_batch_1,invalid_order_datetime,order_id=O000388; order_datetime=31/02/2026 10:00; customer_id=C0086; product_id=P027; quantity=1; unit_price=817.79; discount_pct=15; payment_method=Bank Transfer; sales_channel=Marketplace; updated_at=2026-01-25 23:59:00,2026-08-18T16:27:42.760904
28,O000393,orders_batch_1,invalid_order_datetime,order_id=O000393; order_datetime=not-a-date; customer_id=C0148; product_id=P037; quantity=5; unit_price=185.91; discount_pct=10; payment_method=Bank Transfer; sales_channel=Online; updated_at=2026-02-25 23:59:00,2026-08-18T16:27:42.760904
29,O000404,orders_batch_1,discount_pct_out_of_range,order_id=O000404; order_datetime=2026-01-30 04:14:00; customer_id=C0163; product_id=P016; quantity=5; unit_price=878.59; discount_pct=120; payment_method=Credit Card; sales_channel=Store; updated_at=2026-01-31 23:59:00,2026-08-18T16:27:42.760904
30,O000415,orders_batch_1,customer_id_not_found,order_id=O000415; order_datetime=2026-01-12 21:48:00; customer_id=None; product_id=P030; quantity=1; unit_price=915.53; discount_pct=10; payment_method=Credit Card; sales_channel=Marketplace; updated_at=2026-01-13 23:59:00,2026-08-18T16:27:42.760904
31,O000417,orders_batch_1,invalid_unit_price_type,order_id=O000417; order_datetime=2026-02-09 22:58:00; customer_id=C0021; product_id=P011; quantity=3; unit_price=None; discount_pct=0; payment_method=Bank Transfer; sales_channel=Marketplace; updated_at=2026-02-10 23:59:00,2026-08-18T16:27:42.760904
32,O000083,orders_batch_1,customer_id_not_found,order_id=O000083; order_datetime=2026-02-05 11:37:00; customer_id=None; product_id=P039; quantity=4; unit_price=688.83; discount_pct=5; payment_method=Cash; sales_channel=Online; updated_at=2026-02-06 23:59:00,2026-08-18T16:27:43.382420
33,O000089,orders_batch_1,quantity_out_of_range,order_id=O000089; order_datetime=2026-03-04 08:25:00; customer_id=C0030; product_id=P035; quantity=-2; unit_price=997.99; discount_pct=10; payment_method=Credit Card; sales_channel=Online; updated_at=2026-03-05 23:59:00,2026-08-18T16:27:43.382420
34,O000097,orders_batch_1,invalid_order_datetime,order_id=O000097; order_datetime=31/02/2026 10:00; customer_id=C0110; product_id=P040; quantity=5; unit_price=1472.44; discount_pct=0; payment_method=Bank Transfer; sales_channel=Online; updated_at=2026-03-03 23:59:00,2026-08-18T16:27:43.382420
35,O000101,orders_batch_1,discount_pct_out_of_range,order_id=O000101; order_datetime=2026-02-28 22:40:00; customer_id=C0151; product_id=P029; quantity=3; unit_price=450.41; discount_pct=120; payment_method=Credit Card; sales_channel=Store; updated_at=2026-03-01 23:59:00,2026-08-18T16:27:43.382420
36,O000107,orders_batch_1,product_id_not_found,order_id=O000107; order_datetime=2026-03-03 15:13:00; customer_id=C0130; product_id=P999; quantity=1; unit_price=766; discount_pct=15; payment_method=PromptPay; sales_channel=Store; updated_at=2026-03-04 23:59:00,2026-08-18T16:27:43.382420
37,O000113,orders_batch_1,invalid_quantity_type,order_id=O000113; order_datetime=2026-01-03 03:35:00; customer_id=C0039; product_id=P011; quantity=three; unit_price=616.6; discount_pct=0; payment_method=PromptPay; sales_channel=Marketplace; updated_at=2026-01-04 23:59:00,2026-08-18T16:27:43.382420
38,O000131,orders_batch_1,invalid_order_datetime,order_id=O000131; order_datetime=not-a-date; customer_id=C0152; product_id=P037; quantity=1; unit_price=185.91; discount_pct=5; payment_method=Bank Transfer; sales_channel=Marketplace; updated_at=2026-02-17 23:59:00,2026-08-18T16:27:43.382420
39,O000139,orders_batch_1,invalid_unit_price_type,order_id=O000139; order_datetime=2026-02-03 21:12:00; customer_id=C0072; product_id=P039; quantity=4; unit_price=None; discount_pct=5; payment_method=Cash; sales_channel=Online; updated_at=2026-02-04 23:59:00,2026-08-18T16:27:43.382420
40,O000149,orders_batch_1,customer_id_not_found,order_id=O000149; order_datetime=2026-01-08 12:33:00; customer_id=C9999; product_id=P039; quantity=4; unit_price=688.83; discount_pct=10; payment_method=PromptPay; sales_channel=Marketplace; updated_at=2026-01-09 23:59:00,2026-08-18T16:27:43.382420
41,O000166,orders_batch_1,customer_id_not_found,order_id=O000166; order_datetime=2026-01-18 04:01:00; customer_id=None; product_id=P027; quantity=4; unit_price=817.79; discount_pct=10; payment_method=PromptPay; sales_channel=Online; updated_at=2026-01-19 23:59:00,2026-08-18T16:27:43.382420
42,O000178,orders_batch_1,quantity_out_of_range,order_id=O000178; order_datetime=2026-02-16 01:47:00; customer_id=C0061; product_id=P026; quantity=-2; unit_price=1185.43; discount_pct=0; payment_method=PromptPay; sales_channel=Marketplace; updated_at=2026-02-17 23:59:00,2026-08-18T16:27:43.382420
43,O000194,orders_batch_1,invalid_order_datetime,order_id=O000194; order_datetime=31/02/2026 10:00; customer_id=C0075; product_id=P003; quantity=3; unit_price=344.85; discount_pct=10; payment_method=Cash; sales_channel=Online; updated_at=2026-03-20 23:59:00,2026-08-18T16:27:43.382420
44,O000202,orders_batch_1,discount_pct_out_of_range,order_id=O000202; order_datetime=2026-01-15 10:38:00; customer_id=C0161; product_id=P031; quantity=3; unit_price=599.9; discount_pct=120; payment_method=Credit Card; sales_channel=Online; updated_at=2026-01-16 23:59:00,2026-08-18T16:27:43.382420
45,O000214,orders_batch_1,product_id_not_found,order_id=O000214; order_datetime=2026-01-04 07:12:00; customer_id=C0043; product_id=P999; quantity=6; unit_price=1451.77; discount_pct=0; payment_method=PromptPay; sales_channel=Store; updated_at=2026-01-05 23:59:00,2026-08-18T16:27:43.382420
46,O000226,orders_batch_1,invalid_quantity_type,order_id=O000226; order_datetime=2026-03-21 10:12:00; customer_id=C0153; product_id=P017; quantity=three; unit_price=1281.37; discount_pct=0; payment_method=Bank Transfer; sales_channel=Online; updated_at=2026-03-22 23:59:00,2026-08-18T16:27:43.382420
47,O000249,orders_batch_1,customer_id_not_found,order_id=O000249; order_datetime=2026-02-07 21:50:00; customer_id=None; product_id=P025; quantity=5; unit_price=833.67; discount_pct=15; payment_method=Credit Card; sales_channel=Online; updated_at=2026-02-08 23:59:00,2026-08-18T16:27:43.382420
48,O000262,orders_batch_1,invalid_order_datetime,order_id=O000262; order_datetime=not-a-date; customer_id=C0097; product_id=P044; quantity=5; unit_price=766; discount_pct=0; payment_method=Credit Card; sales_channel=Store; updated_at=2026-02-03 23:59:00,2026-08-18T16:27:43.382420
49,O000267,orders_batch_1,quantity_out_of_range,order_id=O000267; order_datetime=2026-01-02 16:42:00; customer_id=C0095; product_id=P042; quantity=-2; unit_price=733.19; discount_pct=0; payment_method=PromptPay; sales_channel=Marketplace; updated_at=2026-01-03 23:59:00,2026-08-18T16:27:43.382420
50,O000278,orders_batch_1,invalid_unit_price_type,order_id=O000278; order_datetime=2026-02-01 02:14:00; customer_id=C0022; product_id=P035; quantity=4; unit_price=None; discount_pct=0; payment_method=PromptPay; sales_channel=Marketplace; updated_at=2026-02-02 23:59:00,2026-08-18T16:27:43.382420
51,O000291,orders_batch_1,invalid_order_datetime,order_id=O000291; order_datetime=31/02/2026 10:00; customer_id=C0165; product_id=P041; quantity=2; unit_price=1291.92; discount_pct=0; payment_method=Cash; sales_channel=Online; updated_at=2026-01-06 23:59:00,2026-08-18T16:27:43.382420
52,O000298,orders_batch_1,customer_id_not_found,order_id=O000298; order_datetime=2026-01-14 00:46:00; customer_id=C9999; product_id=P037; quantity=2; unit_price=185.91; discount_pct=10; payment_method=Bank Transfer; sales_channel=Store; updated_at=2026-01-15 23:59:00,2026-08-18T16:27:43.382420
53,O000303,orders_batch_1,discount_pct_out_of_range,order_id=O000303; order_datetime=2026-03-02 22:11:00; customer_id=C0137; product_id=P007; quantity=4; unit_price=619.54; discount_pct=120; payment_method=PromptPay; sales_channel=Online; updated_at=2026-03-03 23:59:00,2026-08-18T16:27:43.382420
54,O000321,orders_batch_1,product_id_not_found,order_id=O000321; order_datetime=2026-01-12 07:42:00; customer_id=C0073; product_id=P999; quantity=5; unit_price=624.66; discount_pct=10; payment_method=Bank Transfer; sales_channel=Online; updated_at=2026-01-13 23:59:00,2026-08-18T16:27:43.382420
55,O000332,orders_batch_1,customer_id_not_found,order_id=O000332; order_datetime=2026-02-18 19:38:00; customer_id=None; product_id=P017; quantity=4; unit_price=1281.37; discount_pct=0; payment_method=Bank Transfer; sales_channel=Marketplace; updated_at=2026-02-19 23:59:00,2026-08-18T16:27:43.382420
56,O000339,orders_batch_1,invalid_quantity_type,order_id=O000339; order_datetime=2026-03-15 12:23:00; customer_id=C0146; product_id=P014; quantity=three; unit_price=358.74; discount_pct=0; payment_method=Credit Card; sales_channel=Online; updated_at=2026-03-16 23:59:00,2026-08-18T16:27:43.382420
57,O000356,orders_batch_1,quantity_out_of_range,order_id=O000356; order_datetime=2026-01-19 11:29:00; customer_id=C0146; product_id=P042; quantity=-2; unit_price=733.19; discount_pct=0; payment_method=Bank Transfer; sales_channel=Store; updated_at=2026-01-20 23:59:00,2026-08-18T16:27:43.382420
58,O000388,orders_batch_1,invalid_order_datetime,order_id=O000388; order_datetime=31/02/2026 10:00; customer_id=C0086; product_id=P027; quantity=1; unit_price=817.79; discount_pct=15; payment_method=Bank Transfer; sales_channel=Marketplace; updated_at=2026-01-25 23:59:00,2026-08-18T16:27:43.382420
59,O000393,orders_batch_1,invalid_order_datetime,order_id=O000393; order_datetime=not-a-date; customer_id=C0148; product_id=P037; quantity=5; unit_price=185.91; discount_pct=10; payment_method=Bank Transfer; sales_channel=Online; updated_at=2026-02-25 23:59:00,2026-08-18T16:27:43.382420
60,O000404,orders_batch_1,discount_pct_out_of_range,order_id=O000404; order_datetime=2026-01-30 04:14:00; customer_id=C0163; product_id=P016; quantity=5; unit_price=878.59; discount_pct=120; payment_method=Credit Card; sales_channel=Store; updated_at=2026-01-31 23:59:00,2026-08-18T16:27:43.382420
61,O000415,orders_batch_1,customer_id_not_found,order_id=O000415; order_datetime=2026-01-12 21:48:00; customer_id=None; product_id=P030; quantity=1; unit_price=915.53; discount_pct=10; payment_method=Credit Card; sales_channel=Marketplace; updated_at=2026-01-13 23:59:00,2026-08-18T16:27:43.382420
62,O000417,orders_batch_1,invalid_unit_price_type,order_id=O000417; order_datetime=2026-02-09 22:58:00; customer_id=C0021; product_id=P011; quantity=3; unit_price=None; discount_pct=0; payment_method=Bank Transfer; sales_channel=Marketplace; updated_at=2026-02-10 23:59:00,2026-08-18T16:27:43.382420
63,O000428,orders_batch_2,product_id_not_found,order_id=O000428; order_datetime=2026-04-04 13:52:00; customer_id=C0150; product_id=P999; quantity=4; unit_price=450.41; discount_pct=15; payment_method=PromptPay; sales_channel=Marketplace; updated_at=2026-04-06 23:59:00,2026-08-18T16:27:44.290921
64,O000445,orders_batch_2,quantity_out_of_range,order_id=O000445; order_datetime=2026-03-24 01:46:00; customer_id=C0015; product_id=P039; quantity=-2; unit_price=688.83; discount_pct=0; payment_method=PromptPay; sales_channel=Store; updated_at=2026-03-26 23:59:00,2026-08-18T16:27:44.290921
65,O000447,orders_batch_2,customer_id_not_found,order_id=O000447; order_datetime=2026-02-16 15:50:00; customer_id=C9999; product_id=P001; quantity=4; unit_price=29.67; discount_pct=5; payment_method=PromptPay; sales_channel=Online; updated_at=2026-02-18 23:59:00,2026-08-18T16:27:44.290921
66,O000452,orders_batch_2,invalid_quantity_type,order_id=O000452; order_datetime=2026-04-05 15:06:00; customer_id=C0126; product_id=P036; quantity=three; unit_price=220.86; discount_pct=0; payment_method=Credit Card; sales_channel=Store; updated_at=2026-04-07 23:59:00,2026-08-18T16:27:44.290921
67,O000485,orders_batch_2,invalid_order_datetime,order_id=O000485; order_datetime=31/02/2026 10:00; customer_id=C0077; product_id=P010; quantity=4; unit_price=1366.97; discount_pct=5; payment_method=Bank Transfer; sales_channel=Online; updated_at=2026-05-05 23:59:00,2026-08-18T16:27:44.290921
68,O000498,orders_batch_2,customer_id_not_found,order_id=O000498; order_datetime=2026-04-30 23:16:00; customer_id=None; product_id=P035; quantity=3; unit_price=997.99; discount_pct=0; payment_method=Credit Card; sales_channel=Marketplace; updated_at=2026-05-02 23:59:00,2026-08-18T16:27:44.290921
69,O000505,orders_batch_2,discount_pct_out_of_range,order_id=O000505; order_datetime=2026-03-25 23:29:00; customer_id=C0154; product_id=P009; quantity=4; unit_price=192.56; discount_pct=120; payment_method=Cash; sales_channel=Marketplace; updated_at=2026-03-27 23:59:00,2026-08-18T16:27:44.290921
70,O000524,orders_batch_2,invalid_order_datetime,order_id=O000524; order_datetime=not-a-date; customer_id=C0075; product_id=P009; quantity=3; unit_price=192.56; discount_pct=0; payment_method=Bank Transfer; sales_channel=Marketplace; updated_at=2026-03-08 23:59:00,2026-08-18T16:27:44.290921
71,O000534,orders_batch_2,quantity_out_of_range,order_id=O000534; order_datetime=2026-03-22 19:50:00; customer_id=C0044; product_id=P004; quantity=-2; unit_price=1451.77; discount_pct=0; payment_method=Bank Transfer; sales_channel=Online; updated_at=2026-03-24 23:59:00,2026-08-18T16:27:44.290921
72,O000535,orders_batch_2,product_id_not_found,order_id=O000535; order_datetime=2026-04-17 04:13:00; customer_id=C0100; product_id=P999; quantity=5; unit_price=649.9; discount_pct=15; payment_method=Bank Transfer; sales_channel=Store; updated_at=2026-04-19 23:59:00,2026-08-18T16:27:44.290921
73,O000556,orders_batch_2,invalid_unit_price_type,order_id=O000556; order_datetime=2026-04-21 06:20:00; customer_id=C0177; product_id=P001; quantity=6; unit_price=None; discount_pct=0; payment_method=PromptPay; sales_channel=Store; updated_at=2026-04-23 23:59:00,2026-08-18T16:27:44.290921
74,O000565,orders_batch_2,invalid_quantity_type,order_id=O000565; order_datetime=2026-04-14 04:24:00; customer_id=C0009; product_id=P033; quantity=three; unit_price=654.4; discount_pct=5; payment_method=Cash; sales_channel=Marketplace; updated_at=2026-04-16 23:59:00,2026-08-18T16:27:44.290921
75,O000581,orders_batch_2,customer_id_not_found,order_id=O000581; order_datetime=2026-04-23 12:25:00; customer_id=None; product_id=P010; quantity=3; unit_price=1366.97; discount_pct=15; payment_method=Credit Card; sales_channel=Online; updated_at=2026-04-25 23:59:00,2026-08-18T16:27:44.290921
76,O000582,orders_batch_2,invalid_order_datetime,order_id=O000582; order_datetime=31/02/2026 10:00; customer_id=C0140; product_id=P009; quantity=4; unit_price=192.56; discount_pct=0; payment_method=PromptPay; sales_channel=Online; updated_at=2026-04-22 23:59:00,2026-08-18T16:27:44.290921
77,O000596,orders_batch_2,customer_id_not_found,order_id=O000596; order_datetime=2026-03-31 05:33:00; customer_id=C9999; product_id=P036; quantity=5; unit_price=220.86; discount_pct=0; payment_method=Cash; sales_channel=Online; updated_at=2026-04-02 23:59:00,2026-08-18T16:27:44.290921
78,O000606,orders_batch_2,discount_pct_out_of_range,order_id=O000606; order_datetime=2026-03-22 11:21:00; customer_id=C0125; product_id=P042; quantity=6; unit_price=733.19; discount_pct=120; payment_method=Credit Card; sales_channel=Store; updated_at=2026-03-24 23:59:00,2026-08-18T16:27:44.290921
79,O000623,orders_batch_2,quantity_out_of_range,order_id=O000623; order_datetime=2026-02-16 02:04:00; customer_id=C0086; product_id=P041; quantity=-2; unit_price=1291.92; discount_pct=15; payment_method=Credit Card; sales_channel=Online; updated_at=2026-02-18 23:59:00,2026-08-18T16:27:44.290921
80,O000642,orders_batch_2,product_id_not_found,order_id=O000642; order_datetime=2026-02-17 10:10:00; customer_id=C0018; product_id=P999; quantity=5; unit_price=979.4; discount_pct=5; payment_method=Credit Card; sales_channel=Online; updated_at=2026-02-19 23:59:00,2026-08-18T16:27:44.290921
81,O000655,orders_batch_2,invalid_order_datetime,order_id=O000655; order_datetime=not-a-date; customer_id=C0147; product_id=P037; quantity=3; unit_price=185.91; discount_pct=0; payment_method=Bank Transfer; sales_channel=Online; updated_at=2026-04-24 23:59:00,2026-08-18T16:27:44.290921
82,O000664,orders_batch_2,customer_id_not_found,order_id=O000664; order_datetime=2026-04-11 00:34:00; customer_id=None; product_id=P004; quantity=3; unit_price=1451.77; discount_pct=15; payment_method=Bank Transfer; sales_channel=Store; updated_at=2026-04-13 23:59:00,2026-08-18T16:27:44.290921
83,O000678,orders_batch_2,invalid_quantity_type,order_id=O000678; order_datetime=2026-02-16 02:58:00; customer_id=C0137; product_id=P046; quantity=three; unit_price=187.09; discount_pct=0; payment_method=PromptPay; sales_channel=Store; updated_at=2026-02-18 23:59:00,2026-08-18T16:27:44.290921
84,O000679,orders_batch_2,invalid_order_datetime,order_id=O000679; order_datetime=31/02/2026 10:00; customer_id=C0075; product_id=P040; quantity=2; unit_price=1472.44; discount_pct=0; payment_method=PromptPay; sales_channel=Online; updated_at=2026-04-04 23:59:00,2026-08-18T16:27:44.290921
85,O000695,orders_batch_2,invalid_unit_price_type,order_id=O000695; order_datetime=2026-04-06 11:55:00; customer_id=C0119; product_id=P017; quantity=3; unit_price=None; discount_pct=15; payment_method=Cash; sales_channel=Marketplace; updated_at=2026-04-08 23:59:00,2026-08-18T16:27:44.290921
86,O000707,orders_batch_2,discount_pct_out_of_range,order_id=O000707; order_datetime=2026-03-02 09:06:00; customer_id=C0079; product_id=P044; quantity=2; unit_price=766; discount_pct=120; payment_method=Bank Transfer; sales_channel=Store; updated_at=2026-03-04 23:59:00,2026-08-18T16:27:44.290921
87,O000712,orders_batch_2,quantity_out_of_range,order_id=O000712; order_datetime=2026-02-15 22:17:00; customer_id=C0026; product_id=P040; quantity=-2; unit_price=1472.44; discount_pct=10; payment_method=Bank Transfer; sales_channel=Store; updated_at=2026-02-17 23:59:00,2026-08-18T16:27:44.290921
88,O000745,orders_batch_2,customer_id_not_found,order_id=O000745; order_datetime=2026-02-22 01:04:00; customer_id=C9999; product_id=P021; quantity=1; unit_price=1114.51; discount_pct=0; payment_method=PromptPay; sales_channel=Marketplace; updated_at=2026-02-24 23:59:00,2026-08-18T16:27:44.290921
89,O000747,orders_batch_2,customer_id_not_found,order_id=O000747; order_datetime=2026-04-07 20:13:00; customer_id=None; product_id=P014; quantity=1; unit_price=358.74; discount_pct=0; payment_method=Credit Card; sales_channel=Store; updated_at=2026-04-09 23:59:00,2026-08-18T16:27:44.290921
90,O000749,orders_batch_2,product_id_not_found,order_id=O000749; order_datetime=2026-04-18 13:19:00; customer_id=C0180; product_id=P999; quantity=1; unit_price=204.81; discount_pct=0; payment_method=Cash; sales_channel=Online; updated_at=2026-04-20 23:59:00,2026-08-18T16:27:44.290921
91,O000776,orders_batch_2,invalid_order_datetime,order_id=O000776; order_datetime=31/02/2026 10:00; customer_id=C0120; product_id=P047; quantity=2; unit_price=613.02; discount_pct=0; payment_method=Cash; sales_channel=Online; updated_at=2026-04-29 23:59:00,2026-08-18T16:27:44.290921
92,O000786,orders_batch_2,invalid_order_datetime,order_id=O000786; order_datetime=not-a-date; customer_id=C0044; product_id=P008; quantity=6; unit_price=292.37; discount_pct=5; payment_method=Cash; sales_channel=Marketplace; updated_at=2026-04-09 23:59:00,2026-08-18T16:27:44.290921
93,O000791,orders_batch_2,invalid_quantity_type,order_id=O000791; order_datetime=2026-04-11 13:31:00; customer_id=C0058; product_id=P040; quantity=three; unit_price=1472.44; discount_pct=0; payment_method=Credit Card; sales_channel=Store; updated_at=2026-04-13 23:59:00,2026-08-18T16:27:44.290921
94,O000801,orders_batch_2,quantity_out_of_range,order_id=O000801; order_datetime=2026-04-05 07:59:00; customer_id=C0030; product_id=P044; quantity=-2; unit_price=766; discount_pct=0; payment_method=Credit Card; sales_channel=Marketplace; updated_at=2026-04-07 23:59:00,2026-08-18T16:27:44.290921
95,O000808,orders_batch_2,discount_pct_out_of_range,order_id=O000808; order_datetime=2026-02-20 13:39:00; customer_id=C0168; product_id=P008; quantity=5; unit_price=292.37; discount_pct=120; payment_method=Cash; sales_channel=Store; updated_at=2026-02-22 23:59:00,2026-08-18T16:27:44.290921
96,O000830,orders_batch_2,customer_id_not_found,order_id=O000830; order_datetime=2026-04-08 01:48:00; customer_id=None; product_id=P009; quantity=1; unit_price=192.56; discount_pct=0; payment_method=Bank Transfer; sales_channel=Online; updated_at=2026-04-10 23:59:00,2026-08-18T16:27:44.290921
97,O000834,orders_batch_2,invalid_unit_price_type,order_id=O000834; order_datetime=2026-04-30 17:12:00; customer_id=C0058; product_id=P032; quantity=3; unit_price=None; discount_pct=10; payment_method=Cash; sales_channel=Online; updated_at=2026-05-02 23:59:00,2026-08-18T16:27:44.290921
98,O000428,orders_batch_2,product_id_not_found,order_id=O000428; order_datetime=2026-04-04 13:52:00; customer_id=C0150; product_id=P999; quantity=4; unit_price=450.41; discount_pct=15; payment_method=PromptPay; sales_channel=Marketplace; updated_at=2026-04-06 23:59:00,2026-08-18T16:27:44.290921
99,O000445,orders_batch_2,quantity_out_of_range,order_id=O000445; order_datetime=2026-03-24 01:46:00; customer_id=C0015; product_id=P039; quantity=-2; unit_price=688.83; discount_pct=0; payment_method=PromptPay; sales_channel=Store; updated_at=2026-03-26 23:59:00,2026-08-18T16:27:44.290921
100,O000856,orders_batch_3,product_id_not_found,order_id=O000856; order_datetime=2026-05-15 06:36:00; customer_id=C0089; product_id=P999; quantity=6; unit_price=915.53; discount_pct=0; payment_method=Bank Transfer; sales_channel=Marketplace; updated_at=2026-05-18 23:59:00,2026-08-18T16:27:45.759391
101,O000873,orders_batch_3,invalid_order_datetime,order_id=O000873; order_datetime=31/02/2026 10:00; customer_id=C0109; product_id=P001; quantity=6; unit_price=29.67; discount_pct=5; payment_method=PromptPay; sales_channel=Marketplace; updated_at=2026-06-09 23:59:00,2026-08-18T16:27:45.759391
102,O000890,orders_batch_3,quantity_out_of_range,order_id=O000890; order_datetime=2026-05-28 01:59:00; customer_id=C0061; product_id=P015; quantity=-2; unit_price=320.33; discount_pct=15; payment_method=Bank Transfer; sales_channel=Store; updated_at=2026-05-31 23:59:00,2026-08-18T16:27:45.759391
103,O000894,orders_batch_3,customer_id_not_found,order_id=O000894; order_datetime=2026-04-28 09:49:00; customer_id=C9999; product_id=P022; quantity=5; unit_price=840.27; discount_pct=10; payment_method=Bank Transfer; sales_channel=Online; updated_at=2026-05-01 23:59:00,2026-08-18T16:27:45.759391
104,O000904,orders_batch_3,invalid_quantity_type,order_id=O000904; order_datetime=2026-06-16 06:47:00; customer_id=C0152; product_id=P033; quantity=three; unit_price=654.4; discount_pct=0; payment_method=Bank Transfer; sales_channel=Marketplace; updated_at=2026-06-19 23:59:00,2026-08-18T16:27:45.759391
105,O000909,orders_batch_3,discount_pct_out_of_range,order_id=O000909; order_datetime=2026-06-10 21:37:00; customer_id=C0058; product_id=P009; quantity=1; unit_price=192.56; discount_pct=120; payment_method=PromptPay; sales_channel=Marketplace; updated_at=2026-06-13 23:59:00,2026-08-18T16:27:45.759391
106,O000913,orders_batch_3,customer_id_not_found,order_id=O000913; order_datetime=2026-05-26 00:19:00; customer_id=None; product_id=P023; quantity=5; unit_price=784.71; discount_pct=5; payment_method=Bank Transfer; sales_channel=Marketplace; updated_at=2026-05-29 23:59:00,2026-08-18T16:27:45.759391
107,O000917,orders_batch_3,invalid_order_datetime,order_id=O000917; order_datetime=not-a-date; customer_id=C0032; product_id=P022; quantity=3; unit_price=840.27; discount_pct=0; payment_method=Credit Card; sales_channel=Store; updated_at=2026-05-10 23:59:00,2026-08-18T16:27:45.759391
108,O000963,orders_batch_3,product_id_not_found,order_id=O000963; order_datetime=2026-05-20 19:21:00; customer_id=C0069; product_id=P999; quantity=1; unit_price=549.89; discount_pct=0; payment_method=Cash; sales_channel=Online; updated_at=2026-05-23 23:59:00,2026-08-18T16:27:45.759391
109,O000970,orders_batch_3,invalid_order_datetime,order_id=O000970; order_datetime=31/02/2026 10:00; customer_id=C0040; product_id=P040; quantity=2; unit_price=1472.44; discount_pct=0; payment_method=Cash; sales_channel=Online; updated_at=2026-06-20 23:59:00,2026-08-18T16:27:45.759391
110,O000973,orders_batch_3,invalid_unit_price_type,order_id=O000973; order_datetime=2026-06-16 00:22:00; customer_id=C0055; product_id=P043; quantity=2; unit_price=None; discount_pct=10; payment_method=Bank Transfer; sales_channel=Marketplace; updated_at=2026-06-19 23:59:00,2026-08-18T16:27:45.759391
111,O000979,orders_batch_3,quantity_out_of_range,order_id=O000979; order_datetime=2026-04-16 01:32:00; customer_id=C0049; product_id=P047; quantity=-2; unit_price=613.02; discount_pct=0; payment_method=Cash; sales_channel=Store; updated_at=2026-04-19 23:59:00,2026-08-18T16:27:45.759391
112,O000996,orders_batch_3,customer_id_not_found,order_id=O000996; order_datetime=2026-05-04 19:07:00; customer_id=None; product_id=P035; quantity=4; unit_price=997.99; discount_pct=0; payment_method=Cash; sales_channel=Online; updated_at=2026-05-07 23:59:00,2026-08-18T16:27:45.759391
113,O001010,orders_batch_3,discount_pct_out_of_range,order_id=O001010; order_datetime=2026-04-17 03:46:00; customer_id=C0102; product_id=P020; quantity=2; unit_price=62.79; discount_pct=120; payment_method=PromptPay; sales_channel=Marketplace; updated_at=2026-04-20 23:59:00,2026-08-18T16:27:45.759391
114,O001017,orders_batch_3,invalid_quantity_type,order_id=O001017; order_datetime=2026-05-31 23:42:00; customer_id=C0010; product_id=P009; quantity=three; unit_price=192.56; discount_pct=0; payment_method=Bank Transfer; sales_channel=Marketplace; updated_at=2026-06-03 23:59:00,2026-08-18T16:27:45.759391
115,O001043,orders_batch_3,customer_id_not_found,order_id=O001043; order_datetime=2026-04-07 15:03:00; customer_id=C9999; product_id=P029; quantity=5; unit_price=450.41; discount_pct=0; payment_method=Bank Transfer; sales_channel=Store; updated_at=2026-04-10 23:59:00,2026-08-18T16:27:45.759391
116,O001048,orders_batch_3,invalid_order_datetime,order_id=O001048; order_datetime=not-a-date; customer_id=C0023; product_id=P037; quantity=2; unit_price=185.91; discount_pct=0; payment_method=Cash; sales_channel=Store; updated_at=2026-06-18 23:59:00,2026-08-18T16:27:45.759391
117,O001067,orders_batch_3,invalid_order_datetime,order_id=O001067; order_datetime=31/02/2026 10:00; customer_id=C0080; product_id=P042; quantity=6; unit_price=733.19; discount_pct=15; payment_method=Credit Card; sales_channel=Marketplace; updated_at=2026-04-28 23:59:00,2026-08-18T16:27:45.759391
118,O001068,orders_batch_3,quantity_out_of_range,order_id=O001068; order_datetime=2026-04-20 01:42:00; customer_id=C0145; product_id=P042; quantity=-2; unit_price=733.19; discount_pct=15; payment_method=Bank Transfer; sales_channel=Online; updated_at=2026-04-23 23:59:00,2026-08-18T16:27:45.759391
119,O001070,orders_batch_3,product_id_not_found,order_id=O001070; order_datetime=2026-05-13 06:50:00; customer_id=C0023; product_id=P999; quantity=2; unit_price=840.27; discount_pct=15; payment_method=Cash; sales_channel=Store; updated_at=2026-05-16 23:59:00,2026-08-18T16:27:45.759391
120,O001079,orders_batch_3,customer_id_not_found,order_id=O001079; order_datetime=2026-06-12 04:11:00; customer_id=None; product_id=P044; quantity=2; unit_price=766; discount_pct=0; payment_method=Bank Transfer; sales_channel=Marketplace; updated_at=2026-06-15 23:59:00,2026-08-18T16:27:45.759391
121,O001111,orders_batch_3,discount_pct_out_of_range,order_id=O001111; order_datetime=2026-04-08 03:19:00; customer_id=C0137; product_id=P040; quantity=3; unit_price=1472.44; discount_pct=120; payment_method=PromptPay; sales_channel=Online; updated_at=2026-04-11 23:59:00,2026-08-18T16:27:45.759391
122,O001112,orders_batch_3,invalid_unit_price_type,order_id=O001112; order_datetime=2026-06-10 12:16:00; customer_id=C0096; product_id=P030; quantity=3; unit_price=None; discount_pct=0; payment_method=Bank Transfer; sales_channel=Marketplace; updated_at=2026-06-13 23:59:00,2026-08-18T16:27:45.759391
123,O001130,orders_batch_3,invalid_quantity_type,order_id=O001130; order_datetime=2026-05-02 06:41:00; customer_id=C0089; product_id=P001; quantity=three; unit_price=29.67; discount_pct=0; payment_method=Credit Card; sales_channel=Store; updated_at=2026-05-05 23:59:00,2026-08-18T16:27:45.759391
124,O001157,orders_batch_3,quantity_out_of_range,order_id=O001157; order_datetime=2026-06-17 10:55:00; customer_id=C0133; product_id=P041; quantity=-2; unit_price=1291.92; discount_pct=5; payment_method=Credit Card; sales_channel=Store; updated_at=2026-06-20 23:59:00,2026-08-18T16:27:45.759391
125,O001162,orders_batch_3,customer_id_not_found,order_id=O001162; order_datetime=2026-06-07 09:16:00; customer_id=None; product_id=P027; quantity=6; unit_price=817.79; discount_pct=15; payment_method=Cash; sales_channel=Store; updated_at=2026-06-10 23:59:00,2026-08-18T16:27:45.759391
126,O001164,orders_batch_3,invalid_order_datetime,order_id=O001164; order_datetime=31/02/2026 10:00; customer_id=C0107; product_id=P008; quantity=4; unit_price=292.37; discount_pct=15; payment_method=Bank Transfer; sales_channel=Store; updated_at=2026-05-09 23:59:00,2026-08-18T16:27:45.759391
127,O001177,orders_batch_3,product_id_not_found,order_id=O001177; order_datetime=2026-04-04 04:07:00; customer_id=C0129; product_id=P999; quantity=1; unit_price=358.74; discount_pct=0; payment_method=PromptPay; sales_channel=Marketplace; updated_at=2026-04-07 23:59:00,2026-08-18T16:27:45.759391
128,O001179,orders_batch_3,invalid_order_datetime,order_id=O001179; order_datetime=not-a-date; customer_id=C0171; product_id=P031; quantity=1; unit_price=599.9; discount_pct=15; payment_method=Credit Card; sales_channel=Store; updated_at=2026-05-07 23:59:00,2026-08-18T16:27:45.759391
129,O001192,orders_batch_3,customer_id_not_found,order_id=O001192; order_datetime=2026-05-02 18:39:00; customer_id=C9999; product_id=P045; quantity=2; unit_price=1459.08; discount_pct=10; payment_method=PromptPay; sales_channel=Store; updated_at=2026-05-05 23:59:00,2026-08-18T16:27:45.759391
130,O001212,orders_batch_3,discount_pct_out_of_range,order_id=O001212; order_datetime=2026-05-20 16:45:00; customer_id=C0154; product_id=P004; quantity=5; unit_price=1451.77; discount_pct=120; payment_method=Bank Transfer; sales_channel=Marketplace; updated_at=2026-05-23 23:59:00,2026-08-18T16:27:45.759391
131,O001243,orders_batch_3,invalid_quantity_type,order_id=O001243; order_datetime=2026-04-02 11:45:00; customer_id=C0078; product_id=P015; quantity=three; unit_price=320.33; discount_pct=0; payment_method=Credit Card; sales_channel=Store; updated_at=2026-04-05 23:59:00,2026-08-18T16:27:45.759391
132,O001245,orders_batch_3,customer_id_not_found,order_id=O001245; order_datetime=2026-04-17 23:42:00; customer_id=None; product_id=P023; quantity=3; unit_price=784.71; discount_pct=10; payment_method=Bank Transfer; sales_channel=Online; updated_at=2026-04-20 23:59:00,2026-08-18T16:27:45.759391
133,O001246,orders_batch_3,quantity_out_of_range,order_id=O001246; order_datetime=2026-05-07 12:27:00; customer_id=C0014; product_id=P024; quantity=-2; unit_price=241.87; discount_pct=0; payment_method=Bank Transfer; sales_channel=Store; updated_at=2026-05-10 23:59:00,2026-08-18T16:27:45.759391
134,O001251,orders_batch_3,invalid_unit_price_type,order_id=O001251; order_datetime=2026-05-28 02:21:00; customer_id=C0059; product_id=P025; quantity=1; unit_price=None; discount_pct=0; payment_method=Bank Transfer; sales_channel=Store; updated_at=2026-05-31 23:59:00,2026-08-18T16:27:45.759391
